type,value,source
hash_sha256,f60b2c3ec0c0c79ad5e9ef3e6cae702585780f9a33ad21b7e0324e1efff2878c,public
hash_sha256,01bcc0c4f49ca953be805bd98eb5796092a67dc88643693663eae22b25391c25,public
hash_sha256,605ab2a5d9204ff4319bc5c8d441264b5ce5f5bf86c372b08b2ffe97484386de,public
hash_sha256,cd671cfa42714a6d517476add60690081a16a5c6abaacce25fcb9c5ddf41b7d3,public
hash_sha256,327cec5e9a0eec6faf44b8347f36249a1e4e402309b71a0e7815a87ca24b50a1,public
hash_sha256,dae9df9ce0f5286cfe871fda680e4de440c8444a44ceb434c28d5ccf786f5e8d,public
hash_sha256,e9e5311fbf76eea22c42daa381074feecb745020db473184e6236f9a08816925,public
hash_sha256,a0a51f5e965ae9b7a61ef50257698b60eb8b42141841d438b7bcd4202f49cd9e,public
hash_sha256,681c59113d3a87a0086716b91642258097dc4da809d76c5566d184783d3b6cd4,public
ip,185.28.119.113,public
ip,185.196.8.217,public
ip,8.8.8.8,public
